Wall time,Step,Value
1663951233.21492,1,0.8077455163002014
1663951848.9062862,2,0.8331280946731567
1663952474.5184016,3,0.8345291018486023
1663953090.5259333,4,0.8416962027549744
1663953705.9544795,5,0.8484047055244446
1663954322.3241484,6,0.8477188348770142
1663954938.5499418,7,0.851991593837738
1663955553.7943969,8,0.8542242050170898
1663956170.8681116,9,0.8439197540283203
1663956786.1611836,10,0.856680154800415
1663957402.880936,11,0.8648854494094849
1663958021.1364493,12,0.8662359714508057
1663958639.407452,13,0.8658312559127808
1663959254.9742608,14,0.8673422932624817
1663959871.0215251,15,0.867621898651123
1663960487.3047428,16,0.8684207201004028
1663961101.959185,17,0.8688325881958008
1663961717.1174521,18,0.8685230016708374
1663962330.6837542,19,0.8684821724891663
1663962944.1751637,20,0.868632435798645
1663963558.8860078,21,0.868556797504425
1663964174.4484446,22,0.8686850666999817
1663964788.9582055,23,0.868635892868042
1663965402.7539158,24,0.8685087561607361
1663966019.577165,25,0.8686035871505737
1663966636.164656,26,0.8689345121383667
1663967250.6848035,27,0.868926465511322
1663967864.2314646,28,0.8687570095062256
1663968480.2892418,29,0.8683281540870667
1663969095.2821352,30,0.8685650825500488
