Wall time,Step,Value
1663990695.513996,1,0.8976931571960449
1663991994.2936676,2,0.9190486073493958
1663993294.6280892,3,0.9177200198173523
1663994588.8333995,4,0.9194170236587524
1663995881.567665,5,0.9247037768363953
1663997173.9974792,6,0.9213192462921143
1663998467.6821265,7,0.9262931942939758
1663999760.4795046,8,0.9240347743034363
1664001048.9928632,9,0.9276686310768127
1664002339.0211842,10,0.9242440462112427
1664003628.6670763,11,0.932451069355011
1664004921.2320964,12,0.9332490563392639
1664006214.6726515,13,0.9345647096633911
1664007507.9616773,14,0.9339017868041992
1664008800.9198594,15,0.9354561567306519
1664010093.6993144,16,0.9344202876091003
1664011385.1514344,17,0.9355879426002502
1664012676.0917606,18,0.9349080920219421
1664013966.4982545,19,0.935268759727478
1664015257.1021101,20,0.9354032874107361
1664016548.5145,21,0.9360570311546326
1664017840.9793165,22,0.934588611125946
1664019131.9952407,23,0.935890257358551
1664020423.1338663,24,0.9358971118927002
1664021714.479388,25,0.9353373050689697
1664023006.7429135,26,0.9349896907806396
1664024299.3139205,27,0.9353166222572327
1664025591.6386583,28,0.9356717467308044
1664026882.8645685,29,0.9360635876655579
1664028173.090097,30,0.9342067241668701
